DELETE FROM ALBUM ;
INSERT INTO ALBUM(ID,TITLE,ARTIST,ISSUE_DATE,GENRE,COVER_PHOTO,CREATE_AUTHOR,CREATE_DATETIME,UPDATE_AUTHOR,UPDATE_DATETIME) VALUES (101,'Live +','Jeff Beck',null,'02',null,'admin',null,'admin',current_timestamp()) ;
INSERT INTO ALBUM(ID,TITLE,ARTIST,ISSUE_DATE,GENRE,COVER_PHOTO,CREATE_AUTHOR,CREATE_DATETIME,UPDATE_AUTHOR,UPDATE_DATETIME) VALUES (102,'Loud Hailer','Jeff Beck',null,'02',null,'admin',null,'admin',current_timestamp()) ;
INSERT INTO ALBUM(ID,TITLE,ARTIST,ISSUE_DATE,GENRE,COVER_PHOTO,CREATE_AUTHOR,CREATE_DATETIME,UPDATE_AUTHOR,UPDATE_DATETIME) VALUES (201,'The Dark Side Of The Moon','Pink Floyd',null,'02',null,'admin',null,'admin',current_timestamp()) ;
INSERT INTO ALBUM(ID,TITLE,ARTIST,ISSUE_DATE,GENRE,COVER_PHOTO,CREATE_AUTHOR,CREATE_DATETIME,UPDATE_AUTHOR,UPDATE_DATETIME) VALUES (202,'Animals','Pink Floyd',null,'02',null,'admin',null,'admin',current_timestamp()) ;
INSERT INTO ALBUM(ID,TITLE,ARTIST,ISSUE_DATE,GENRE,COVER_PHOTO,CREATE_AUTHOR,CREATE_DATETIME,UPDATE_AUTHOR,UPDATE_DATETIME) VALUES (203,'The Division Bell','Pink Floyd',null,'02',null,'admin',null,'admin',current_timestamp()) ;
INSERT INTO ALBUM(ID,TITLE,ARTIST,ISSUE_DATE,GENRE,COVER_PHOTO,CREATE_AUTHOR,CREATE_DATETIME,UPDATE_AUTHOR,UPDATE_DATETIME) VALUES (301,'Rumours','Fleetwood Mac',null,'03',null,'admin',null,'admin',current_timestamp()) ;
INSERT INTO ALBUM(ID,TITLE,ARTIST,ISSUE_DATE,GENRE,COVER_PHOTO,CREATE_AUTHOR,CREATE_DATETIME,UPDATE_AUTHOR,UPDATE_DATETIME) VALUES (401,'Toys In The Attic','Aerosmith',null,'05',null,'admin',null,'admin',current_timestamp()) ;
INSERT INTO ALBUM(ID,TITLE,ARTIST,ISSUE_DATE,GENRE,COVER_PHOTO,CREATE_AUTHOR,CREATE_DATETIME,UPDATE_AUTHOR,UPDATE_DATETIME) VALUES (501,'Ride The Lightning','Metallica',null,'05',null,'admin',null,'admin',current_timestamp()) ;
INSERT INTO ALBUM(ID,TITLE,ARTIST,ISSUE_DATE,GENRE,COVER_PHOTO,CREATE_AUTHOR,CREATE_DATETIME,UPDATE_AUTHOR,UPDATE_DATETIME) VALUES (502,'And Justice For All','Metallica',null,'05',null,'admin',null,'admin',current_timestamp()) ;
INSERT INTO ALBUM(ID,TITLE,ARTIST,ISSUE_DATE,GENRE,COVER_PHOTO,CREATE_AUTHOR,CREATE_DATETIME,UPDATE_AUTHOR,UPDATE_DATETIME) VALUES (601,'Bring ''Em In, Skin Deep','Buddy Guy',null,'06',null,'admin',null,'admin',current_timestamp()) ;
INSERT INTO ALBUM(ID,TITLE,ARTIST,ISSUE_DATE,GENRE,COVER_PHOTO,CREATE_AUTHOR,CREATE_DATETIME,UPDATE_AUTHOR,UPDATE_DATETIME) VALUES (602,'Bring ''Em In, Skin Deep','Buddy Guy',null,'06',null,'admin',null,'admin',current_timestamp()) ;
INSERT INTO ALBUM(ID,TITLE,ARTIST,ISSUE_DATE,GENRE,COVER_PHOTO,CREATE_AUTHOR,CREATE_DATETIME,UPDATE_AUTHOR,UPDATE_DATETIME) VALUES (999,'Nothing Can Like The Sun','Sting',null,null,[B@5824a83d,'TestUpdater',null,null,current_timestamp()) ;

DELETE FROM ALBUM_CONTRIBUTOR ;
INSERT INTO ALBUM_CONTRIBUTOR(ALBUM_ID,TRACK_NO,CONTRIBUTOR,COMMENT,CREATE_AUTHOR,CREATE_DATETIME,UPDATE_AUTHOR,UPDATE_DATETIME) VALUES (601,1,'Eric Clapton',null,'admin',null,'admin',current_timestamp()) ;
INSERT INTO ALBUM_CONTRIBUTOR(ALBUM_ID,TRACK_NO,CONTRIBUTOR,COMMENT,CREATE_AUTHOR,CREATE_DATETIME,UPDATE_AUTHOR,UPDATE_DATETIME) VALUES (601,2,'B.B King',null,'admin',null,'admin',current_timestamp()) ;

DELETE FROM ALBUM_GENRE ;
INSERT INTO ALBUM_GENRE(GENRE_ID,GENRE_NAME,COMMENT,CREATE_AUTHOR,CREATE_DATETIME,UPDATE_AUTHOR,UPDATE_DATETIME) VALUES ('01','流行',null,'admin',null,'admin',current_timestamp()) ;
INSERT INTO ALBUM_GENRE(GENRE_ID,GENRE_NAME,COMMENT,CREATE_AUTHOR,CREATE_DATETIME,UPDATE_AUTHOR,UPDATE_DATETIME) VALUES ('02','摇滚',null,'admin',null,'admin',current_timestamp()) ;
INSERT INTO ALBUM_GENRE(GENRE_ID,GENRE_NAME,COMMENT,CREATE_AUTHOR,CREATE_DATETIME,UPDATE_AUTHOR,UPDATE_DATETIME) VALUES ('03','民谣',null,'admin',null,'admin',current_timestamp()) ;
INSERT INTO ALBUM_GENRE(GENRE_ID,GENRE_NAME,COMMENT,CREATE_AUTHOR,CREATE_DATETIME,UPDATE_AUTHOR,UPDATE_DATETIME) VALUES ('04','古典',null,'admin',null,'admin',current_timestamp()) ;
INSERT INTO ALBUM_GENRE(GENRE_ID,GENRE_NAME,COMMENT,CREATE_AUTHOR,CREATE_DATETIME,UPDATE_AUTHOR,UPDATE_DATETIME) VALUES ('05','重金属',null,'admin',null,'admin',current_timestamp()) ;
INSERT INTO ALBUM_GENRE(GENRE_ID,GENRE_NAME,COMMENT,CREATE_AUTHOR,CREATE_DATETIME,UPDATE_AUTHOR,UPDATE_DATETIME) VALUES ('06','蓝调',null,'admin',null,'admin',current_timestamp()) ;

DELETE FROM ALBUM_TRACK ;
INSERT INTO ALBUM_TRACK(ALBUM_ID,TRACK_NO,TRACK_NAME,PLAY_TIME,CREATE_AUTHOR,CREATE_DATETIME,UPDATE_AUTHOR,UPDATE_DATETIME) VALUES (101,5,'A Change Is Gonna Come',null,'admin',null,'admin',current_timestamp()) ;
INSERT INTO ALBUM_TRACK(ALBUM_ID,TRACK_NO,TRACK_NAME,PLAY_TIME,CREATE_AUTHOR,CREATE_DATETIME,UPDATE_AUTHOR,UPDATE_DATETIME) VALUES (101,6,'A Day In The Life',null,'admin',null,'admin',current_timestamp()) ;
INSERT INTO ALBUM_TRACK(ALBUM_ID,TRACK_NO,TRACK_NAME,PLAY_TIME,CREATE_AUTHOR,CREATE_DATETIME,UPDATE_AUTHOR,UPDATE_DATETIME) VALUES (101,9,'Little Wing',null,'admin',null,'admin',current_timestamp()) ;
INSERT INTO ALBUM_TRACK(ALBUM_ID,TRACK_NO,TRACK_NAME,PLAY_TIME,CREATE_AUTHOR,CREATE_DATETIME,UPDATE_AUTHOR,UPDATE_DATETIME) VALUES (102,5,'Scared For The Children',null,'admin',null,'admin',current_timestamp()) ;
INSERT INTO ALBUM_TRACK(ALBUM_ID,TRACK_NO,TRACK_NAME,PLAY_TIME,CREATE_AUTHOR,CREATE_DATETIME,UPDATE_AUTHOR,UPDATE_DATETIME) VALUES (201,1,'Speak To Me',null,'admin',null,'admin',current_timestamp()) ;
INSERT INTO ALBUM_TRACK(ALBUM_ID,TRACK_NO,TRACK_NAME,PLAY_TIME,CREATE_AUTHOR,CREATE_DATETIME,UPDATE_AUTHOR,UPDATE_DATETIME) VALUES (201,2,'Breathe',null,'admin',null,'admin',current_timestamp()) ;
INSERT INTO ALBUM_TRACK(ALBUM_ID,TRACK_NO,TRACK_NAME,PLAY_TIME,CREATE_AUTHOR,CREATE_DATETIME,UPDATE_AUTHOR,UPDATE_DATETIME) VALUES (201,3,'On The Run',null,'admin',null,'admin',current_timestamp()) ;
INSERT INTO ALBUM_TRACK(ALBUM_ID,TRACK_NO,TRACK_NAME,PLAY_TIME,CREATE_AUTHOR,CREATE_DATETIME,UPDATE_AUTHOR,UPDATE_DATETIME) VALUES (201,4,'Time',null,'admin',null,'admin',current_timestamp()) ;
INSERT INTO ALBUM_TRACK(ALBUM_ID,TRACK_NO,TRACK_NAME,PLAY_TIME,CREATE_AUTHOR,CREATE_DATETIME,UPDATE_AUTHOR,UPDATE_DATETIME) VALUES (201,5,'The Great Gig In The Sky',null,'admin',null,'admin',current_timestamp()) ;
INSERT INTO ALBUM_TRACK(ALBUM_ID,TRACK_NO,TRACK_NAME,PLAY_TIME,CREATE_AUTHOR,CREATE_DATETIME,UPDATE_AUTHOR,UPDATE_DATETIME) VALUES (201,6,'Money',null,'admin',null,'admin',current_timestamp()) ;
INSERT INTO ALBUM_TRACK(ALBUM_ID,TRACK_NO,TRACK_NAME,PLAY_TIME,CREATE_AUTHOR,CREATE_DATETIME,UPDATE_AUTHOR,UPDATE_DATETIME) VALUES (201,7,'Us And Them',null,'admin',null,'admin',current_timestamp()) ;
INSERT INTO ALBUM_TRACK(ALBUM_ID,TRACK_NO,TRACK_NAME,PLAY_TIME,CREATE_AUTHOR,CREATE_DATETIME,UPDATE_AUTHOR,UPDATE_DATETIME) VALUES (201,8,'Any Colour You Like',null,'admin',null,'admin',current_timestamp()) ;
INSERT INTO ALBUM_TRACK(ALBUM_ID,TRACK_NO,TRACK_NAME,PLAY_TIME,CREATE_AUTHOR,CREATE_DATETIME,UPDATE_AUTHOR,UPDATE_DATETIME) VALUES (201,9,'Brain Damage ',null,'admin',null,'admin',current_timestamp()) ;
INSERT INTO ALBUM_TRACK(ALBUM_ID,TRACK_NO,TRACK_NAME,PLAY_TIME,CREATE_AUTHOR,CREATE_DATETIME,UPDATE_AUTHOR,UPDATE_DATETIME) VALUES (201,10,'Eclipse',null,'admin',null,'admin',current_timestamp()) ;
INSERT INTO ALBUM_TRACK(ALBUM_ID,TRACK_NO,TRACK_NAME,PLAY_TIME,CREATE_AUTHOR,CREATE_DATETIME,UPDATE_AUTHOR,UPDATE_DATETIME) VALUES (202,1,'Pigs On The Wing',null,'admin',null,'admin',current_timestamp()) ;
INSERT INTO ALBUM_TRACK(ALBUM_ID,TRACK_NO,TRACK_NAME,PLAY_TIME,CREATE_AUTHOR,CREATE_DATETIME,UPDATE_AUTHOR,UPDATE_DATETIME) VALUES (202,2,'Dogs',null,'admin',null,'admin',current_timestamp()) ;
INSERT INTO ALBUM_TRACK(ALBUM_ID,TRACK_NO,TRACK_NAME,PLAY_TIME,CREATE_AUTHOR,CREATE_DATETIME,UPDATE_AUTHOR,UPDATE_DATETIME) VALUES (203,4,'Marooned',null,'admin',null,'admin',current_timestamp()) ;
INSERT INTO ALBUM_TRACK(ALBUM_ID,TRACK_NO,TRACK_NAME,PLAY_TIME,CREATE_AUTHOR,CREATE_DATETIME,UPDATE_AUTHOR,UPDATE_DATETIME) VALUES (203,11,'High Hopes',null,'admin',null,'admin',current_timestamp()) ;
INSERT INTO ALBUM_TRACK(ALBUM_ID,TRACK_NO,TRACK_NAME,PLAY_TIME,CREATE_AUTHOR,CREATE_DATETIME,UPDATE_AUTHOR,UPDATE_DATETIME) VALUES (502,2,'...And Justice For All',null,'admin',null,'admin',current_timestamp()) ;
INSERT INTO ALBUM_TRACK(ALBUM_ID,TRACK_NO,TRACK_NAME,PLAY_TIME,CREATE_AUTHOR,CREATE_DATETIME,UPDATE_AUTHOR,UPDATE_DATETIME) VALUES (502,4,'One',null,'admin',null,'admin',current_timestamp()) ;
INSERT INTO ALBUM_TRACK(ALBUM_ID,TRACK_NO,TRACK_NAME,PLAY_TIME,CREATE_AUTHOR,CREATE_DATETIME,UPDATE_AUTHOR,UPDATE_DATETIME) VALUES (601,1,'Every Time I Sing The Blues',null,'admin',null,'admin',current_timestamp()) ;
INSERT INTO ALBUM_TRACK(ALBUM_ID,TRACK_NO,TRACK_NAME,PLAY_TIME,CREATE_AUTHOR,CREATE_DATETIME,UPDATE_AUTHOR,UPDATE_DATETIME) VALUES (601,2,'The Price You Gotta Pay',null,'admin',null,'admin',current_timestamp()) ;

