DELETE FROM ALBUM ;
INSERT INTO ALBUM(ID,TITLE,ARTIST,ISSUE_DATE,GENRE,COVER_PHOTO,CREATE_AUTHOR,CREATE_DATETIME,UPDATE_AUTHOR,UPDATE_DATETIME) VALUES (101,'Live +','Jeff Beck',null,'02',null,'admin',null,'admin',current_timestamp()) ;
INSERT INTO ALBUM(ID,TITLE,ARTIST,ISSUE_DATE,GENRE,COVER_PHOTO,CREATE_AUTHOR,CREATE_DATETIME,UPDATE_AUTHOR,UPDATE_DATETIME) VALUES (102,'Loud Hailer','Jeff Beck',null,'02',null,'admin',null,'admin',current_timestamp()) ;
INSERT INTO ALBUM(ID,TITLE,ARTIST,ISSUE_DATE,GENRE,COVER_PHOTO,CREATE_AUTHOR,CREATE_DATETIME,UPDATE_AUTHOR,UPDATE_DATETIME) VALUES (201,'The Dark Side Of The Moon','Pink Floyd',null,'02',null,'admin',null,'admin',current_timestamp()) ;
INSERT INTO ALBUM(ID,TITLE,ARTIST,ISSUE_DATE,GENRE,COVER_PHOTO,CREATE_AUTHOR,CREATE_DATETIME,UPDATE_AUTHOR,UPDATE_DATETIME) VALUES (202,'Animals','Pink Floyd',null,'02',null,'admin',null,'admin',current_timestamp()) ;
INSERT INTO ALBUM(ID,TITLE,ARTIST,ISSUE_DATE,GENRE,COVER_PHOTO,CREATE_AUTHOR,CREATE_DATETIME,UPDATE_AUTHOR,UPDATE_DATETIME) VALUES (203,'The Division Bell','Pink Floyd',null,'02',null,'admin',null,'admin',current_timestamp()) ;
INSERT INTO ALBUM(ID,TITLE,ARTIST,ISSUE_DATE,GENRE,COVER_PHOTO,CREATE_AUTHOR,CREATE_DATETIME,UPDATE_AUTHOR,UPDATE_DATETIME) VALUES (301,'Rumours','Fleetwood Mac',null,'03',null,'admin',null,'admin',current_timestamp()) ;
INSERT INTO ALBUM(ID,TITLE,ARTIST,ISSUE_DATE,GENRE,COVER_PHOTO,CREATE_AUTHOR,CREATE_DATETIME,UPDATE_AUTHOR,UPDATE_DATETIME) VALUES (401,'Toys In The Attic','Aerosmith',null,'05',null,'admin',null,'admin',current_timestamp()) ;
INSERT INTO ALBUM(ID,TITLE,ARTIST,ISSUE_DATE,GENRE,COVER_PHOTO,CREATE_AUTHOR,CREATE_DATETIME,UPDATE_AUTHOR,UPDATE_DATETIME) VALUES (501,'Ride The Lightning','Metallica',null,'05',null,'admin',null,'admin',current_timestamp()) ;
INSERT INTO ALBUM(ID,TITLE,ARTIST,ISSUE_DATE,GENRE,COVER_PHOTO,CREATE_AUTHOR,CREATE_DATETIME,UPDATE_AUTHOR,UPDATE_DATETIME) VALUES (502,'And Justice For All','Metallica',null,'05',null,'admin',null,'admin',current_timestamp()) ;
INSERT INTO ALBUM(ID,TITLE,ARTIST,ISSUE_DATE,GENRE,COVER_PHOTO,CREATE_AUTHOR,CREATE_DATETIME,UPDATE_AUTHOR,UPDATE_DATETIME) VALUES (601,'Bring ''Em In, Skin Deep','Buddy Guy',null,'06',null,'admin',null,'admin',current_timestamp()) ;

DELETE FROM ALBUM_CONTRIBUTOR ;
INSERT INTO ALBUM_CONTRIBUTOR(ALBUM_ID,TRACK_NO,CONTRIBUTOR,COMMENT,CREATE_AUTHOR,CREATE_DATETIME,UPDATE_AUTHOR,UPDATE_DATETIME) VALUES (601,1,'Carlos Santana',null,'admin',null,'admin',current_timestamp()) ;
INSERT INTO ALBUM_CONTRIBUTOR(ALBUM_ID,TRACK_NO,CONTRIBUTOR,COMMENT,CREATE_AUTHOR,CREATE_DATETIME,UPDATE_AUTHOR,UPDATE_DATETIME) VALUES (601,2,'John Mayer',null,'admin',null,'admin',current_timestamp()) ;
INSERT INTO ALBUM_CONTRIBUTOR(ALBUM_ID,TRACK_NO,CONTRIBUTOR,COMMENT,CREATE_AUTHOR,CREATE_DATETIME,UPDATE_AUTHOR,UPDATE_DATETIME) VALUES (601,3,'Eric Clapton',null,'admin',null,'admin',current_timestamp()) ;
INSERT INTO ALBUM_CONTRIBUTOR(ALBUM_ID,TRACK_NO,CONTRIBUTOR,COMMENT,CREATE_AUTHOR,CREATE_DATETIME,UPDATE_AUTHOR,UPDATE_DATETIME) VALUES (601,4,'Keith Richards',null,'admin',null,'admin',current_timestamp()) ;

DELETE FROM ALBUM_GENRE ;
INSERT INTO ALBUM_GENRE(GENRE_ID,GENRE_NAME,COMMENT,CREATE_AUTHOR,CREATE_DATETIME,UPDATE_AUTHOR,UPDATE_DATETIME) VALUES ('01','流行',null,'admin',null,'admin',current_timestamp()) ;
INSERT INTO ALBUM_GENRE(GENRE_ID,GENRE_NAME,COMMENT,CREATE_AUTHOR,CREATE_DATETIME,UPDATE_AUTHOR,UPDATE_DATETIME) VALUES ('02','摇滚',null,'admin',null,'admin',current_timestamp()) ;
INSERT INTO ALBUM_GENRE(GENRE_ID,GENRE_NAME,COMMENT,CREATE_AUTHOR,CREATE_DATETIME,UPDATE_AUTHOR,UPDATE_DATETIME) VALUES ('03','民谣',null,'admin',null,'admin',current_timestamp()) ;
INSERT INTO ALBUM_GENRE(GENRE_ID,GENRE_NAME,COMMENT,CREATE_AUTHOR,CREATE_DATETIME,UPDATE_AUTHOR,UPDATE_DATETIME) VALUES ('04','古典',null,'admin',null,'admin',current_timestamp()) ;
INSERT INTO ALBUM_GENRE(GENRE_ID,GENRE_NAME,COMMENT,CREATE_AUTHOR,CREATE_DATETIME,UPDATE_AUTHOR,UPDATE_DATETIME) VALUES ('05','重金属',null,'admin',null,'admin',current_timestamp()) ;
INSERT INTO ALBUM_GENRE(GENRE_ID,GENRE_NAME,COMMENT,CREATE_AUTHOR,CREATE_DATETIME,UPDATE_AUTHOR,UPDATE_DATETIME) VALUES ('06','蓝调',null,'admin',null,'admin',current_timestamp()) ;

DELETE FROM ALBUM_TRACK ;
INSERT INTO ALBUM_TRACK(ALBUM_ID,TRACK_NO,TRACK_NAME,PLAY_TIME,CREATE_AUTHOR,CREATE_DATETIME,UPDATE_AUTHOR,UPDATE_DATETIME) VALUES (101,1,'Loaded',null,'admin',null,'admin',current_timestamp()) ;
INSERT INTO ALBUM_TRACK(ALBUM_ID,TRACK_NO,TRACK_NAME,PLAY_TIME,CREATE_AUTHOR,CREATE_DATETIME,UPDATE_AUTHOR,UPDATE_DATETIME) VALUES (101,2,'Morning Dew',null,'admin',null,'admin',current_timestamp()) ;
INSERT INTO ALBUM_TRACK(ALBUM_ID,TRACK_NO,TRACK_NAME,PLAY_TIME,CREATE_AUTHOR,CREATE_DATETIME,UPDATE_AUTHOR,UPDATE_DATETIME) VALUES (101,3,'You Know You Know',null,'admin',null,'admin',current_timestamp()) ;
INSERT INTO ALBUM_TRACK(ALBUM_ID,TRACK_NO,TRACK_NAME,PLAY_TIME,CREATE_AUTHOR,CREATE_DATETIME,UPDATE_AUTHOR,UPDATE_DATETIME) VALUES (101,4,'Why Give It Away',null,'admin',null,'admin',current_timestamp()) ;
INSERT INTO ALBUM_TRACK(ALBUM_ID,TRACK_NO,TRACK_NAME,PLAY_TIME,CREATE_AUTHOR,CREATE_DATETIME,UPDATE_AUTHOR,UPDATE_DATETIME) VALUES (101,5,'A Change Is Gonna Come',null,'admin',null,'admin',current_timestamp()) ;
INSERT INTO ALBUM_TRACK(ALBUM_ID,TRACK_NO,TRACK_NAME,PLAY_TIME,CREATE_AUTHOR,CREATE_DATETIME,UPDATE_AUTHOR,UPDATE_DATETIME) VALUES (101,6,'A Day In The Life',null,'admin',null,'admin',current_timestamp()) ;
INSERT INTO ALBUM_TRACK(ALBUM_ID,TRACK_NO,TRACK_NAME,PLAY_TIME,CREATE_AUTHOR,CREATE_DATETIME,UPDATE_AUTHOR,UPDATE_DATETIME) VALUES (101,7,'Superstition',null,'admin',null,'admin',current_timestamp()) ;
INSERT INTO ALBUM_TRACK(ALBUM_ID,TRACK_NO,TRACK_NAME,PLAY_TIME,CREATE_AUTHOR,CREATE_DATETIME,UPDATE_AUTHOR,UPDATE_DATETIME) VALUES (101,8,'Hammerhead',null,'admin',null,'admin',current_timestamp()) ;
INSERT INTO ALBUM_TRACK(ALBUM_ID,TRACK_NO,TRACK_NAME,PLAY_TIME,CREATE_AUTHOR,CREATE_DATETIME,UPDATE_AUTHOR,UPDATE_DATETIME) VALUES (101,9,'Little Wing',null,'admin',null,'admin',current_timestamp()) ;
INSERT INTO ALBUM_TRACK(ALBUM_ID,TRACK_NO,TRACK_NAME,PLAY_TIME,CREATE_AUTHOR,CREATE_DATETIME,UPDATE_AUTHOR,UPDATE_DATETIME) VALUES (101,10,'Big Block',null,'admin',null,'admin',current_timestamp()) ;
INSERT INTO ALBUM_TRACK(ALBUM_ID,TRACK_NO,TRACK_NAME,PLAY_TIME,CREATE_AUTHOR,CREATE_DATETIME,UPDATE_AUTHOR,UPDATE_DATETIME) VALUES (102,1,'The Revolution Will Be Televised',null,'admin',null,'admin',current_timestamp()) ;
INSERT INTO ALBUM_TRACK(ALBUM_ID,TRACK_NO,TRACK_NAME,PLAY_TIME,CREATE_AUTHOR,CREATE_DATETIME,UPDATE_AUTHOR,UPDATE_DATETIME) VALUES (102,2,'Live In The Dark',null,'admin',null,'admin',current_timestamp()) ;
INSERT INTO ALBUM_TRACK(ALBUM_ID,TRACK_NO,TRACK_NAME,PLAY_TIME,CREATE_AUTHOR,CREATE_DATETIME,UPDATE_AUTHOR,UPDATE_DATETIME) VALUES (102,3,'Pull It',null,'admin',null,'admin',current_timestamp()) ;
INSERT INTO ALBUM_TRACK(ALBUM_ID,TRACK_NO,TRACK_NAME,PLAY_TIME,CREATE_AUTHOR,CREATE_DATETIME,UPDATE_AUTHOR,UPDATE_DATETIME) VALUES (102,4,'Thugs Club',null,'admin',null,'admin',current_timestamp()) ;
INSERT INTO ALBUM_TRACK(ALBUM_ID,TRACK_NO,TRACK_NAME,PLAY_TIME,CREATE_AUTHOR,CREATE_DATETIME,UPDATE_AUTHOR,UPDATE_DATETIME) VALUES (102,5,'Scared For The Children',null,'admin',null,'admin',current_timestamp()) ;
INSERT INTO ALBUM_TRACK(ALBUM_ID,TRACK_NO,TRACK_NAME,PLAY_TIME,CREATE_AUTHOR,CREATE_DATETIME,UPDATE_AUTHOR,UPDATE_DATETIME) VALUES (201,1,'Speak To Me',null,'admin',null,'admin',current_timestamp()) ;
INSERT INTO ALBUM_TRACK(ALBUM_ID,TRACK_NO,TRACK_NAME,PLAY_TIME,CREATE_AUTHOR,CREATE_DATETIME,UPDATE_AUTHOR,UPDATE_DATETIME) VALUES (201,2,'Breathe',null,'admin',null,'admin',current_timestamp()) ;
INSERT INTO ALBUM_TRACK(ALBUM_ID,TRACK_NO,TRACK_NAME,PLAY_TIME,CREATE_AUTHOR,CREATE_DATETIME,UPDATE_AUTHOR,UPDATE_DATETIME) VALUES (201,3,'On The Run',null,'admin',null,'admin',current_timestamp()) ;
INSERT INTO ALBUM_TRACK(ALBUM_ID,TRACK_NO,TRACK_NAME,PLAY_TIME,CREATE_AUTHOR,CREATE_DATETIME,UPDATE_AUTHOR,UPDATE_DATETIME) VALUES (201,4,'Time',null,'admin',null,'admin',current_timestamp()) ;
INSERT INTO ALBUM_TRACK(ALBUM_ID,TRACK_NO,TRACK_NAME,PLAY_TIME,CREATE_AUTHOR,CREATE_DATETIME,UPDATE_AUTHOR,UPDATE_DATETIME) VALUES (201,5,'The Great Gig In The Sky',null,'admin',null,'admin',current_timestamp()) ;
INSERT INTO ALBUM_TRACK(ALBUM_ID,TRACK_NO,TRACK_NAME,PLAY_TIME,CREATE_AUTHOR,CREATE_DATETIME,UPDATE_AUTHOR,UPDATE_DATETIME) VALUES (201,6,'Money',null,'admin',null,'admin',current_timestamp()) ;
INSERT INTO ALBUM_TRACK(ALBUM_ID,TRACK_NO,TRACK_NAME,PLAY_TIME,CREATE_AUTHOR,CREATE_DATETIME,UPDATE_AUTHOR,UPDATE_DATETIME) VALUES (201,7,'Us And Them',null,'admin',null,'admin',current_timestamp()) ;
INSERT INTO ALBUM_TRACK(ALBUM_ID,TRACK_NO,TRACK_NAME,PLAY_TIME,CREATE_AUTHOR,CREATE_DATETIME,UPDATE_AUTHOR,UPDATE_DATETIME) VALUES (201,8,'Any Colour You Like',null,'admin',null,'admin',current_timestamp()) ;
INSERT INTO ALBUM_TRACK(ALBUM_ID,TRACK_NO,TRACK_NAME,PLAY_TIME,CREATE_AUTHOR,CREATE_DATETIME,UPDATE_AUTHOR,UPDATE_DATETIME) VALUES (201,9,'Brain Damage ',null,'admin',null,'admin',current_timestamp()) ;
INSERT INTO ALBUM_TRACK(ALBUM_ID,TRACK_NO,TRACK_NAME,PLAY_TIME,CREATE_AUTHOR,CREATE_DATETIME,UPDATE_AUTHOR,UPDATE_DATETIME) VALUES (201,10,'Eclipse',null,'admin',null,'admin',current_timestamp()) ;
INSERT INTO ALBUM_TRACK(ALBUM_ID,TRACK_NO,TRACK_NAME,PLAY_TIME,CREATE_AUTHOR,CREATE_DATETIME,UPDATE_AUTHOR,UPDATE_DATETIME) VALUES (202,1,'Pigs On The Wing',null,'admin',null,'admin',current_timestamp()) ;
INSERT INTO ALBUM_TRACK(ALBUM_ID,TRACK_NO,TRACK_NAME,PLAY_TIME,CREATE_AUTHOR,CREATE_DATETIME,UPDATE_AUTHOR,UPDATE_DATETIME) VALUES (202,2,'Dogs',null,'admin',null,'admin',current_timestamp()) ;
INSERT INTO ALBUM_TRACK(ALBUM_ID,TRACK_NO,TRACK_NAME,PLAY_TIME,CREATE_AUTHOR,CREATE_DATETIME,UPDATE_AUTHOR,UPDATE_DATETIME) VALUES (202,3,'Pigs',null,'admin',null,'admin',current_timestamp()) ;
INSERT INTO ALBUM_TRACK(ALBUM_ID,TRACK_NO,TRACK_NAME,PLAY_TIME,CREATE_AUTHOR,CREATE_DATETIME,UPDATE_AUTHOR,UPDATE_DATETIME) VALUES (202,4,'Sheep',null,'admin',null,'admin',current_timestamp()) ;
INSERT INTO ALBUM_TRACK(ALBUM_ID,TRACK_NO,TRACK_NAME,PLAY_TIME,CREATE_AUTHOR,CREATE_DATETIME,UPDATE_AUTHOR,UPDATE_DATETIME) VALUES (202,5,'Pigs On The Wing',null,'admin',null,'admin',current_timestamp()) ;
INSERT INTO ALBUM_TRACK(ALBUM_ID,TRACK_NO,TRACK_NAME,PLAY_TIME,CREATE_AUTHOR,CREATE_DATETIME,UPDATE_AUTHOR,UPDATE_DATETIME) VALUES (203,1,'Cluster One',null,'admin',null,'admin',current_timestamp()) ;
INSERT INTO ALBUM_TRACK(ALBUM_ID,TRACK_NO,TRACK_NAME,PLAY_TIME,CREATE_AUTHOR,CREATE_DATETIME,UPDATE_AUTHOR,UPDATE_DATETIME) VALUES (203,2,'What Do You Want From Me',null,'admin',null,'admin',current_timestamp()) ;
INSERT INTO ALBUM_TRACK(ALBUM_ID,TRACK_NO,TRACK_NAME,PLAY_TIME,CREATE_AUTHOR,CREATE_DATETIME,UPDATE_AUTHOR,UPDATE_DATETIME) VALUES (203,3,'Poles Apart',null,'admin',null,'admin',current_timestamp()) ;
INSERT INTO ALBUM_TRACK(ALBUM_ID,TRACK_NO,TRACK_NAME,PLAY_TIME,CREATE_AUTHOR,CREATE_DATETIME,UPDATE_AUTHOR,UPDATE_DATETIME) VALUES (203,4,'Marooned',null,'admin',null,'admin',current_timestamp()) ;
INSERT INTO ALBUM_TRACK(ALBUM_ID,TRACK_NO,TRACK_NAME,PLAY_TIME,CREATE_AUTHOR,CREATE_DATETIME,UPDATE_AUTHOR,UPDATE_DATETIME) VALUES (203,5,'A Great Day For Freedom',null,'admin',null,'admin',current_timestamp()) ;
INSERT INTO ALBUM_TRACK(ALBUM_ID,TRACK_NO,TRACK_NAME,PLAY_TIME,CREATE_AUTHOR,CREATE_DATETIME,UPDATE_AUTHOR,UPDATE_DATETIME) VALUES (203,6,'Wearing The Inside Out ',null,'admin',null,'admin',current_timestamp()) ;
INSERT INTO ALBUM_TRACK(ALBUM_ID,TRACK_NO,TRACK_NAME,PLAY_TIME,CREATE_AUTHOR,CREATE_DATETIME,UPDATE_AUTHOR,UPDATE_DATETIME) VALUES (203,7,'Take It Back',null,'admin',null,'admin',current_timestamp()) ;
INSERT INTO ALBUM_TRACK(ALBUM_ID,TRACK_NO,TRACK_NAME,PLAY_TIME,CREATE_AUTHOR,CREATE_DATETIME,UPDATE_AUTHOR,UPDATE_DATETIME) VALUES (203,8,'Coming Back To Life',null,'admin',null,'admin',current_timestamp()) ;
INSERT INTO ALBUM_TRACK(ALBUM_ID,TRACK_NO,TRACK_NAME,PLAY_TIME,CREATE_AUTHOR,CREATE_DATETIME,UPDATE_AUTHOR,UPDATE_DATETIME) VALUES (203,9,'Keep Talking ',null,'admin',null,'admin',current_timestamp()) ;
INSERT INTO ALBUM_TRACK(ALBUM_ID,TRACK_NO,TRACK_NAME,PLAY_TIME,CREATE_AUTHOR,CREATE_DATETIME,UPDATE_AUTHOR,UPDATE_DATETIME) VALUES (203,10,'Lost For Words',null,'admin',null,'admin',current_timestamp()) ;
INSERT INTO ALBUM_TRACK(ALBUM_ID,TRACK_NO,TRACK_NAME,PLAY_TIME,CREATE_AUTHOR,CREATE_DATETIME,UPDATE_AUTHOR,UPDATE_DATETIME) VALUES (203,11,'High Hopes',null,'admin',null,'admin',current_timestamp()) ;
INSERT INTO ALBUM_TRACK(ALBUM_ID,TRACK_NO,TRACK_NAME,PLAY_TIME,CREATE_AUTHOR,CREATE_DATETIME,UPDATE_AUTHOR,UPDATE_DATETIME) VALUES (502,1,'Blackened',null,'admin',null,'admin',current_timestamp()) ;
INSERT INTO ALBUM_TRACK(ALBUM_ID,TRACK_NO,TRACK_NAME,PLAY_TIME,CREATE_AUTHOR,CREATE_DATETIME,UPDATE_AUTHOR,UPDATE_DATETIME) VALUES (502,2,'...And Justice For All',null,'admin',null,'admin',current_timestamp()) ;
INSERT INTO ALBUM_TRACK(ALBUM_ID,TRACK_NO,TRACK_NAME,PLAY_TIME,CREATE_AUTHOR,CREATE_DATETIME,UPDATE_AUTHOR,UPDATE_DATETIME) VALUES (502,3,'Eye Of The Beholder',null,'admin',null,'admin',current_timestamp()) ;
INSERT INTO ALBUM_TRACK(ALBUM_ID,TRACK_NO,TRACK_NAME,PLAY_TIME,CREATE_AUTHOR,CREATE_DATETIME,UPDATE_AUTHOR,UPDATE_DATETIME) VALUES (502,4,'One',null,'admin',null,'admin',current_timestamp()) ;
INSERT INTO ALBUM_TRACK(ALBUM_ID,TRACK_NO,TRACK_NAME,PLAY_TIME,CREATE_AUTHOR,CREATE_DATETIME,UPDATE_AUTHOR,UPDATE_DATETIME) VALUES (502,5,'The Shortest Straw',null,'admin',null,'admin',current_timestamp()) ;
INSERT INTO ALBUM_TRACK(ALBUM_ID,TRACK_NO,TRACK_NAME,PLAY_TIME,CREATE_AUTHOR,CREATE_DATETIME,UPDATE_AUTHOR,UPDATE_DATETIME) VALUES (502,6,'Harvester Of Sorrow',null,'admin',null,'admin',current_timestamp()) ;
INSERT INTO ALBUM_TRACK(ALBUM_ID,TRACK_NO,TRACK_NAME,PLAY_TIME,CREATE_AUTHOR,CREATE_DATETIME,UPDATE_AUTHOR,UPDATE_DATETIME) VALUES (502,7,'The Frayed Ends Of Sanity',null,'admin',null,'admin',current_timestamp()) ;
INSERT INTO ALBUM_TRACK(ALBUM_ID,TRACK_NO,TRACK_NAME,PLAY_TIME,CREATE_AUTHOR,CREATE_DATETIME,UPDATE_AUTHOR,UPDATE_DATETIME) VALUES (502,8,'To Live Is To Die',null,'admin',null,'admin',current_timestamp()) ;
INSERT INTO ALBUM_TRACK(ALBUM_ID,TRACK_NO,TRACK_NAME,PLAY_TIME,CREATE_AUTHOR,CREATE_DATETIME,UPDATE_AUTHOR,UPDATE_DATETIME) VALUES (502,9,'One',null,'admin',null,'admin',current_timestamp()) ;
INSERT INTO ALBUM_TRACK(ALBUM_ID,TRACK_NO,TRACK_NAME,PLAY_TIME,CREATE_AUTHOR,CREATE_DATETIME,UPDATE_AUTHOR,UPDATE_DATETIME) VALUES (502,10,'The Prince',null,'admin',null,'admin',current_timestamp()) ;
INSERT INTO ALBUM_TRACK(ALBUM_ID,TRACK_NO,TRACK_NAME,PLAY_TIME,CREATE_AUTHOR,CREATE_DATETIME,UPDATE_AUTHOR,UPDATE_DATETIME) VALUES (601,1,'I Put A Spell On You - featuring Carlos Santana',null,'admin',null,'admin',current_timestamp()) ;
INSERT INTO ALBUM_TRACK(ALBUM_ID,TRACK_NO,TRACK_NAME,PLAY_TIME,CREATE_AUTHOR,CREATE_DATETIME,UPDATE_AUTHOR,UPDATE_DATETIME) VALUES (601,2,'I''ve Got Dreams To Remember - featuring John Mayer',null,'admin',null,'admin',current_timestamp()) ;
INSERT INTO ALBUM_TRACK(ALBUM_ID,TRACK_NO,TRACK_NAME,PLAY_TIME,CREATE_AUTHOR,CREATE_DATETIME,UPDATE_AUTHOR,UPDATE_DATETIME) VALUES (601,3,'Every Time I Sing The Blues - featuring Eric Clapton',null,'admin',null,'admin',current_timestamp()) ;
INSERT INTO ALBUM_TRACK(ALBUM_ID,TRACK_NO,TRACK_NAME,PLAY_TIME,CREATE_AUTHOR,CREATE_DATETIME,UPDATE_AUTHOR,UPDATE_DATETIME) VALUES (601,4,'The Price You Gotta Pay - featuring Keith Richards',null,'admin',null,'admin',current_timestamp()) ;
INSERT INTO ALBUM_TRACK(ALBUM_ID,TRACK_NO,TRACK_NAME,PLAY_TIME,CREATE_AUTHOR,CREATE_DATETIME,UPDATE_AUTHOR,UPDATE_DATETIME) VALUES (601,5,'What Kind Of Woman Is This?',null,'admin',null,'admin',current_timestamp()) ;

COMMIT;
